"TIME","GEO","AGE","SEX","UNIT","Value","Flag and Footnotes"
"1991","Belgium","Total","Total","Number","9,986,975",""
"1991","Bulgaria","Total","Total","Number","8,669,269",""
"1991","Czechia","Total","Total","Number","10,304,607",""
"1991","Denmark","Total","Total","Number","5,146,469",""
"1991","Germany (until 1990 former territory of the FRG)","Total","Total","Number","79,753,227",""
"1991","Estonia","Total","Total","Number","1,567,749",""
"1991","Ireland","Total","Total","Number","3,520,977",""
"1991","Greece","Total","Total","Number","10,272,691",""
"1991","Spain","Total","Total","Number","38,881,416",""
"1991","France","Total","Total","Number","58,313,439",""
"1991","Croatia","Total","Total","Number","4,782,179","e"
"1991","Italy","Total","Total","Number","56,744,119",""
"1991","Cyprus","Total","Total","Number","587,141",""
"1991","Latvia","Total","Total","Number","2,658,161",""
"1991","Lithuania","Total","Total","Number","3,701,968",""
"1991","Luxembourg","Total","Total","Number","384,400",""
"1991","Hungary","Total","Total","Number","10,373,153",""
"1991","Malta","Total","Total","Number","361,908","b"
"1991","Netherlands","Total","Total","Number","15,010,445",""
"1991","Austria","Total","Total","Number","7,710,882",""
"1991","Poland","Total","Total","Number","38,183,160",""
"1991","Portugal","Total","Total","Number","9,970,441",""
"1991","Romania","Total","Total","Number","23,192,274",""
"1991","Slovenia","Total","Total","Number","1,999,945",""
"1991","Slovakia","Total","Total","Number","5,310,711",""
"1991","Finland","Total","Total","Number","4,998,478",""
"1991","Sweden","Total","Total","Number","8,590,630",""
"1991","United Kingdom","Total","Total","Number","57,338,199",""
"1991","Iceland","Total","Total","Number","255,866",""
"1991","Liechtenstein","Total","Total","Number","29,032",""
"1991","Norway","Total","Total","Number","4,249,830",""
"1991","Switzerland","Total","Total","Number","6,757,188",""
"1992","Belgium","Total","Total","Number","10,021,997",""
"1992","Bulgaria","Total","Total","Number","8,595,465",""
"1992","Czechia","Total","Total","Number","10,312,548",""
"1992","Denmark","Total","Total","Number","5,162,126",""
"1992","Germany (until 1990 former territory of the FRG)","Total","Total","Number","80,274,564",""
"1992","Estonia","Total","Total","Number","1,554,878",""
"1992","Ireland","Total","Total","Number","3,547,492",""
"1992","Greece","Total","Total","Number","10,367,163",""
"1992","Spain","Total","Total","Number","39,051,336",""
"1992","France","Total","Total","Number","58,604,851",""
"1992","Croatia","Total","Total","Number","4,595,866","e"
"1992","Italy","Total","Total","Number","56,772,923",""
"1992","Cyprus","Total","Total","Number","603,069",""
"1992","Latvia","Total","Total","Number","2,643,000",""
"1992","Lithuania","Total","Total","Number","3,706,299",""
"1992","Luxembourg","Total","Total","Number","389,600",""
"1992","Hungary","Total","Total","Number","10,373,647",""
"1992","Malta","Total","Total","Number","365,781",""
"1992","Netherlands","Total","Total","Number","15,129,150",""
"1992","Austria","Total","Total","Number","7,798,899",""
"1992","Poland","Total","Total","Number","38,309,226",""
"1992","Portugal","Total","Total","Number","9,950,029",""
"1992","Romania","Total","Total","Number","22,810,035",""
"1992","Slovenia","Total","Total","Number","1,998,912",""
"1992","Slovakia","Total","Total","Number","5,295,877",""
"1992","Finland","Total","Total","Number","5,029,002",""
"1992","Sweden","Total","Total","Number","8,644,120",""
"1992","United Kingdom","Total","Total","Number","57,511,594",""
"1992","Iceland","Total","Total","Number","259,727",""
"1992","Liechtenstein","Total","Total","Number","29,386",""
"1992","Norway","Total","Total","Number","4,273,634",""
"1992","Switzerland","Total","Total","Number","6,842,768",""
"1993","Belgium","Total","Total","Number","10,068,319",""
"1993","Bulgaria","Total","Total","Number","8,484,863",""
"1993","Czechia","Total","Total","Number","10,325,697",""
"1993","Denmark","Total","Total","Number","5,180,614",""
"1993","Germany (until 1990 former territory of the FRG)","Total","Total","Number","80,974,632",""
"1993","Estonia","Total","Total","Number","1,511,303",""
"1993","Ireland","Total","Total","Number","3,569,367",""
"1993","Greece","Total","Total","Number","10,430,958",""
"1993","Spain","Total","Total","Number","39,264,034",""
"1993","France","Total","Total","Number","58,885,929",""
"1993","Croatia","Total","Total","Number","4,555,771","e"
"1993","Italy","Total","Total","Number","56,821,250",""
"1993","Cyprus","Total","Total","Number","619,231",""
"1993","Latvia","Total","Total","Number","2,585,675",""
"1993","Lithuania","Total","Total","Number","3,693,929",""
"1993","Luxembourg","Total","Total","Number","394,750",""
"1993","Hungary","Total","Total","Number","10,365,035",""
"1993","Malta","Total","Total","Number","369,455",""
"1993","Netherlands","Total","Total","Number","15,239,182",""
"1993","Austria","Total","Total","Number","7,882,519",""
"1993","Poland","Total","Total","Number","38,418,108",""
"1993","Portugal","Total","Total","Number","9,954,958",""
"1993","Romania","Total","Total","Number","22,778,533",""
"1993","Slovenia","Total","Total","Number","1,994,084",""
"1993","Slovakia","Total","Total","Number","5,314,155",""
"1993","Finland","Total","Total","Number","5,054,982",""
"1993","Sweden","Total","Total","Number","8,692,013",""
"1993","United Kingdom","Total","Total","Number","57,649,210",""
"1993","Iceland","Total","Total","Number","262,386",""
"1993","Liechtenstein","Total","Total","Number","29,868",""
"1993","Norway","Total","Total","Number","4,299,167",""
"1993","Switzerland","Total","Total","Number","6,907,959",""
"1994","Belgium","Total","Total","Number","10,100,631",""
"1994","Bulgaria","Total","Total","Number","8,459,763",""
"1994","Czechia","Total","Total","Number","10,334,013",""
"1994","Denmark","Total","Total","Number","5,196,642",""
"1994","Germany (until 1990 former territory of the FRG)","Total","Total","Number","81,338,093",""
"1994","Estonia","Total","Total","Number","1,476,952",""
"1994","Ireland","Total","Total","Number","3,583,154",""
"1994","Greece","Total","Total","Number","10,489,871",""
"1994","Spain","Total","Total","Number","39,458,489",""
"1994","France","Total","Total","Number","59,104,320",""
"1994","Croatia","Total","Total","Number","4,645,155","e"
"1994","Italy","Total","Total","Number","56,842,392",""
"1994","Cyprus","Total","Total","Number","632,944",""
"1994","Latvia","Total","Total","Number","2,540,904",""
"1994","Lithuania","Total","Total","Number","3,671,296",""
"1994","Luxembourg","Total","Total","Number","400,200",""
"1994","Hungary","Total","Total","Number","10,350,010",""
"1994","Malta","Total","Total","Number","373,161",""
"1994","Netherlands","Total","Total","Number","15,341,553",""
"1994","Austria","Total","Total","Number","7,928,746",""
"1994","Poland","Total","Total","Number","38,504,707",""
"1994","Portugal","Total","Total","Number","9,974,391",""
"1994","Romania","Total","Total","Number","22,748,027",""
"1994","Slovenia","Total","Total","Number","1,989,408",""
"1994","Slovakia","Total","Total","Number","5,336,455",""
"1994","Finland","Total","Total","Number","5,077,912",""
"1994","Sweden","Total","Total","Number","8,745,109",""
"1994","United Kingdom","Total","Total","Number","57,788,017",""
"1994","Iceland","Total","Total","Number","265,064",""
"1994","Liechtenstein","Total","Total","Number","30,310",""
"1994","Norway","Total","Total","Number","4,324,815",""
"1994","Switzerland","Total","Total","Number","6,968,570",""
"1995","Belgium","Total","Total","Number","10,130,574",""
"1995","Bulgaria","Total","Total","Number","8,427,418",""
"1995","Czechia","Total","Total","Number","10,333,161",""
"1995","Denmark","Total","Total","Number","5,215,718",""
"1995","Germany (until 1990 former territory of the FRG)","Total","Total","Number","81,538,603",""
"1995","Estonia","Total","Total","Number","1,448,075",""
"1995","Ireland","Total","Total","Number","3,597,617",""
"1995","Greece","Total","Total","Number","10,535,973",""
"1995","Spain","Total","Total","Number","39,639,726",""
"1995","France","Total","Total","Number","59,315,139",""
"1995","Croatia","Total","Total","Number","4,658,893","e"
"1995","Italy","Total","Total","Number","56,844,408",""
"1995","Cyprus","Total","Total","Number","645,399",""
"1995","Latvia","Total","Total","Number","2,500,580",""
"1995","Lithuania","Total","Total","Number","3,642,991",""
"1995","Luxembourg","Total","Total","Number","405,650",""
"1995","Hungary","Total","Total","Number","10,336,700",""
"1995","Malta","Total","Total","Number","376,433",""
"1995","Netherlands","Total","Total","Number","15,424,122",""
"1995","Austria","Total","Total","Number","7,943,489",""
"1995","Poland","Total","Total","Number","38,580,597",""
"1995","Portugal","Total","Total","Number","10,008,659",""
"1995","Romania","Total","Total","Number","22,712,394",""
"1995","Slovenia","Total","Total","Number","1,989,477",""
"1995","Slovakia","Total","Total","Number","5,356,207",""
"1995","Finland","Total","Total","Number","5,098,754",""
"1995","Sweden","Total","Total","Number","8,816,381",""
"1995","United Kingdom","Total","Total","Number","57,943,472",""
"1995","Iceland","Total","Total","Number","266,978",""
"1995","Liechtenstein","Total","Total","Number","30,629",""
"1995","Norway","Total","Total","Number","4,348,410",""
"1995","Switzerland","Total","Total","Number","7,019,019",""
"1996","Belgium","Total","Total","Number","10,143,047",""
"1996","Bulgaria","Total","Total","Number","8,384,715",""
"1996","Czechia","Total","Total","Number","10,321,344",""
"1996","Denmark","Total","Total","Number","5,251,027",""
"1996","Germany (until 1990 former territory of the FRG)","Total","Total","Number","81,817,499",""
"1996","Estonia","Total","Total","Number","1,425,192",""
"1996","Ireland","Total","Total","Number","3,620,065",""
"1996","Greece","Total","Total","Number","10,588,332",""
"1996","Spain","Total","Total","Number","39,808,374",""
"1996","France","Total","Total","Number","59,522,297",""
"1996","Croatia","Total","Total","Number","4,581,167","e"
"1996","Italy","Total","Total","Number","56,844,197",""
"1996","Cyprus","Total","Total","Number","656,333",""
"1996","Latvia","Total","Total","Number","2,469,531",""
"1996","Lithuania","Total","Total","Number","3,615,212",""
"1996","Luxembourg","Total","Total","Number","411,600",""
"1996","Hungary","Total","Total","Number","10,321,229",""
"1996","Malta","Total","Total","Number","378,404",""
"1996","Netherlands","Total","Total","Number","15,493,889",""
"1996","Austria","Total","Total","Number","7,953,067",""
"1996","Poland","Total","Total","Number","38,609,399",""
"1996","Portugal","Total","Total","Number","10,043,693",""
"1996","Romania","Total","Total","Number","22,656,145",""
"1996","Slovenia","Total","Total","Number","1,990,266",""
"1996","Slovakia","Total","Total","Number","5,367,790",""
"1996","Finland","Total","Total","Number","5,116,826",""
"1996","Sweden","Total","Total","Number","8,837,496",""
"1996","United Kingdom","Total","Total","Number","58,094,587",""
"1996","Iceland","Total","Total","Number","267,958",""
"1996","Liechtenstein","Total","Total","Number","30,923",""
"1996","Norway","Total","Total","Number","4,369,957",""
"1996","Switzerland","Total","Total","Number","7,062,354",""
"1997","Belgium","Total","Total","Number","10,170,226",""
"1997","Bulgaria","Total","Total","Number","8,340,936",""
"1997","Czechia","Total","Total","Number","10,309,137",""
"1997","Denmark","Total","Total","Number","5,275,121",""
"1997","Germany (until 1990 former territory of the FRG)","Total","Total","Number","82,012,162",""
"1997","Estonia","Total","Total","Number","1,405,996",""
"1997","Ireland","Total","Total","Number","3,654,955",""
"1997","Greece","Total","Total","Number","10,629,267",""
"1997","Spain","Total","Total","Number","39,971,329",""
"1997","France","Total","Total","Number","59,726,386",""
"1997","Croatia","Total","Total","Number","4,533,028","e"
"1997","Italy","Total","Total","Number","56,876,364",""
"1997","Cyprus","Total","Total","Number","666,313",""
"1997","Latvia","Total","Total","Number","2,444,912",""
"1997","Lithuania","Total","Total","Number","3,588,013",""
"1997","Luxembourg","Total","Total","Number","416,850",""
"1997","Hungary","Total","Total","Number","10,301,247",""
"1997","Malta","Total","Total","Number","381,405",""
"1997","Netherlands","Total","Total","Number","15,567,107",""
"1997","Austria","Total","Total","Number","7,964,966",""
"1997","Poland","Total","Total","Number","38,639,341",""
"1997","Portugal","Total","Total","Number","10,084,196",""
"1997","Romania","Total","Total","Number","22,581,862",""
"1997","Slovenia","Total","Total","Number","1,986,989",""
"1997","Slovakia","Total","Total","Number","5,378,932",""
"1997","Finland","Total","Total","Number","5,132,320",""
"1997","Sweden","Total","Total","Number","8,844,499",""
"1997","United Kingdom","Total","Total","Number","58,239,312",""
"1997","Iceland","Total","Total","Number","269,874",""
"1997","Liechtenstein","Total","Total","Number","31,143",""
"1997","Norway","Total","Total","Number","4,392,714",""
"1997","Switzerland","Total","Total","Number","7,081,346",""
"1998","Belgium","Total","Total","Number","10,192,264",""
"1998","Bulgaria","Total","Total","Number","8,283,200",""
"1998","Czechia","Total","Total","Number","10,299,125",""
"1998","Denmark","Total","Total","Number","5,294,860",""
"1998","Germany (until 1990 former territory of the FRG)","Total","Total","Number","82,057,379",""
"1998","Estonia","Total","Total","Number","1,393,074",""
"1998","Ireland","Total","Total","Number","3,693,386",""
"1998","Greece","Total","Total","Number","10,693,250",""
"1998","Spain","Total","Total","Number","40,143,449",""
"1998","France","Total","Total","Number","59,934,884",""
"1998","Croatia","Total","Total","Number","4,536,812","e"
"1998","Italy","Total","Total","Number","56,904,379",""
"1998","Cyprus","Total","Total","Number","675,215",""
"1998","Latvia","Total","Total","Number","2,420,789",""
"1998","Lithuania","Total","Total","Number","3,562,261",""
"1998","Luxembourg","Total","Total","Number","422,050",""
"1998","Hungary","Total","Total","Number","10,279,724",""
"1998","Malta","Total","Total","Number","384,176",""
"1998","Netherlands","Total","Total","Number","15,654,192",""
"1998","Austria","Total","Total","Number","7,971,116",""
"1998","Poland","Total","Total","Number","38,659,979",""
"1998","Portugal","Total","Total","Number","10,133,758",""
"1998","Romania","Total","Total","Number","22,526,093",""
"1998","Slovenia","Total","Total","Number","1,984,923",""
"1998","Slovakia","Total","Total","Number","5,387,650",""
"1998","Finland","Total","Total","Number","5,147,349",""
"1998","Sweden","Total","Total","Number","8,847,625",""
"1998","United Kingdom","Total","Total","Number","58,394,596",""
"1998","Iceland","Total","Total","Number","272,381",""
"1998","Liechtenstein","Total","Total","Number","31,320",""
"1998","Norway","Total","Total","Number","4,417,599",""
"1998","Switzerland","Total","Total","Number","7,096,465",""
"1999","Belgium","Total","Total","Number","10,213,752",""
"1999","Bulgaria","Total","Total","Number","8,230,371",""
"1999","Czechia","Total","Total","Number","10,289,621",""
"1999","Denmark","Total","Total","Number","5,313,577",""
"1999","Germany (until 1990 former territory of the FRG)","Total","Total","Number","82,037,011",""
"1999","Estonia","Total","Total","Number","1,379,237",""
"1999","Ireland","Total","Total","Number","3,732,006",""
"1999","Greece","Total","Total","Number","10,747,768",""
"1999","Spain","Total","Total","Number","40,303,568",""
"1999","France","Total","Total","Number","60,158,533",""
"1999","Croatia","Total","Total","Number","4,527,459","e"
"1999","Italy","Total","Total","Number","56,909,109",""
"1999","Cyprus","Total","Total","Number","682,862",""
"1999","Latvia","Total","Total","Number","2,399,248",""
"1999","Lithuania","Total","Total","Number","3,536,401",""
"1999","Luxembourg","Total","Total","Number","427,350",""
"1999","Hungary","Total","Total","Number","10,253,416",""
"1999","Malta","Total","Total","Number","386,397",""
"1999","Netherlands","Total","Total","Number","15,760,225",""
"1999","Austria","Total","Total","Number","7,982,461",""
"1999","Poland","Total","Total","Number","38,666,983",""
"1999","Portugal","Total","Total","Number","10,186,634",""
"1999","Romania","Total","Total","Number","22,488,595",""
"1999","Slovenia","Total","Total","Number","1,978,334",""
"1999","Slovakia","Total","Total","Number","5,393,382",""
"1999","Finland","Total","Total","Number","5,159,646",""
"1999","Sweden","Total","Total","Number","8,854,322",""
"1999","United Kingdom","Total","Total","Number","58,579,685",""
"1999","Iceland","Total","Total","Number","275,712",""
"1999","Liechtenstein","Total","Total","Number","32,015",""
"1999","Norway","Total","Total","Number","4,445,329",""
"1999","Switzerland","Total","Total","Number","7,123,537",""
"2000","Belgium","Total","Total","Number","10,239,085",""
"2000","Bulgaria","Total","Total","Number","8,190,876",""
"2000","Czechia","Total","Total","Number","10,278,098",""
"2000","Denmark","Total","Total","Number","5,330,020",""
"2000","Germany (until 1990 former territory of the FRG)","Total","Total","Number","82,163,475",""
"2000","Estonia","Total","Total","Number","1,401,250",""
"2000","Ireland","Total","Total","Number","3,777,565",""
"2000","Greece","Total","Total","Number","10,775,627",""
"2000","Spain","Total","Total","Number","40,470,182",""
"2000","France","Total","Total","Number","60,545,022",""
"2000","Croatia","Total","Total","Number","4,497,735","e"
"2000","Italy","Total","Total","Number","56,923,524",""
"2000","Cyprus","Total","Total","Number","690,497",""
"2000","Latvia","Total","Total","Number","2,381,715",""
"2000","Lithuania","Total","Total","Number","3,512,074",""
"2000","Luxembourg","Total","Total","Number","433,600",""
"2000","Hungary","Total","Total","Number","10,221,644",""
"2000","Malta","Total","Total","Number","388,759",""
"2000","Netherlands","Total","Total","Number","15,863,950",""
"2000","Austria","Total","Total","Number","8,002,186",""
"2000","Poland","Total","Total","Number","38,263,303","b"
"2000","Portugal","Total","Total","Number","10,249,022",""
"2000","Romania","Total","Total","Number","22,455,485",""
"2000","Slovenia","Total","Total","Number","1,987,755",""
"2000","Slovakia","Total","Total","Number","5,398,657",""
"2000","Finland","Total","Total","Number","5,171,302",""
"2000","Sweden","Total","Total","Number","8,861,426",""
"2000","United Kingdom","Total","Total","Number","58,785,246",""
"2000","Iceland","Total","Total","Number","279,049",""
"2000","Liechtenstein","Total","Total","Number","32,426",""
"2000","Norway","Total","Total","Number","4,478,497",""
"2000","Switzerland","Total","Total","Number","7,164,444",""
"2001","Belgium","Total","Total","Number","10,263,414",""
"2001","Bulgaria","Total","Total","Number","8,149,468",""
"2001","Czechia","Total","Total","Number","10,232,027",""
"2001","Denmark","Total","Total","Number","5,349,212",""
"2001","Germany (until 1990 former territory of the FRG)","Total","Total","Number","82,259,540",""
"2001","Estonia","Total","Total","Number","1,392,720",""
"2001","Ireland","Total","Total","Number","3,832,783",""
"2001","Greece","Total","Total","Number","10,835,989",""
"2001","Spain","Total","Total","Number","40,665,545",""
"2001","France","Total","Total","Number","60,979,315",""
"2001","Croatia","Total","Total","Number","4,295,406","b"
"2001","Italy","Total","Total","Number","56,960,692",""
"2001","Cyprus","Total","Total","Number","697,549",""
"2001","Latvia","Total","Total","Number","2,353,384",""
"2001","Lithuania","Total","Total","Number","3,486,998",""
"2001","Luxembourg","Total","Total","Number","439,000",""
"2001","Hungary","Total","Total","Number","10,200,298",""
"2001","Malta","Total","Total","Number","391,415",""
"2001","Netherlands","Total","Total","Number","15,987,075",""
"2001","Austria","Total","Total","Number","8,020,946",""
"2001","Poland","Total","Total","Number","38,253,955",""
"2001","Portugal","Total","Total","Number","10,330,774",""
"2001","Romania","Total","Total","Number","22,430,457",""
"2001","Slovenia","Total","Total","Number","1,990,094",""
"2001","Slovakia","Total","Total","Number","5,378,783",""
"2001","Finland","Total","Total","Number","5,181,115",""
"2001","Sweden","Total","Total","Number","8,882,792",""
"2001","United Kingdom","Total","Total","Number","58,999,781",""
"2001","Iceland","Total","Total","Number","283,361",""
"2001","Liechtenstein","Total","Total","Number","32,863",""
"2001","Norway","Total","Total","Number","4,503,436",""
"2001","Switzerland","Total","Total","Number","7,204,055",""
"2002","Belgium","Total","Total","Number","10,309,725",""
"2002","Bulgaria","Total","Total","Number","7,868,815",""
"2002","Czechia","Total","Total","Number","10,201,182",""
"2002","Denmark","Total","Total","Number","5,368,354",""
"2002","Germany (until 1990 former territory of the FRG)","Total","Total","Number","82,440,309",""
"2002","Estonia","Total","Total","Number","1,383,510",""
"2002","Ireland","Total","Total","Number","3,899,702",""
"2002","Greece","Total","Total","Number","10,888,274",""
"2002","Spain","Total","Total","Number","41,035,278",""
"2002","France","Total","Total","Number","61,424,036",""
"2002","Croatia","Total","Total","Number","4,305,494",""
"2002","Italy","Total","Total","Number","56,987,507",""
"2002","Cyprus","Total","Total","Number","705,539",""
"2002","Latvia","Total","Total","Number","2,320,956",""
"2002","Lithuania","Total","Total","Number","3,454,637",""
"2002","Luxembourg","Total","Total","Number","444,050",""
"2002","Hungary","Total","Total","Number","10,174,853",""
"2002","Malta","Total","Total","Number","394,641",""
"2002","Netherlands","Total","Total","Number","16,105,285",""
"2002","Austria","Total","Total","Number","8,063,640",""
"2002","Poland","Total","Total","Number","38,242,197",""
"2002","Portugal","Total","Total","Number","10,394,669",""
"2002","Romania","Total","Total","Number","21,833,483",""
"2002","Slovenia","Total","Total","Number","1,994,026",""
"2002","Slovakia","Total","Total","Number","5,378,951",""
"2002","Finland","Total","Total","Number","5,194,901",""
"2002","Sweden","Total","Total","Number","8,909,128",""
"2002","United Kingdom","Total","Total","Number","59,239,564",""
"2002","Iceland","Total","Total","Number","286,575",""
"2002","Liechtenstein","Total","Total","Number","33,525",""
"2002","Norway","Total","Total","Number","4,524,066",""
"2002","Switzerland","Total","Total","Number","7,255,653",""
"2003","Belgium","Total","Total","Number","10,355,844",""
"2003","Bulgaria","Total","Total","Number","7,805,506",""
"2003","Czechia","Total","Total","Number","10,192,649",""
"2003","Denmark","Total","Total","Number","5,383,507",""
"2003","Germany (until 1990 former territory of the FRG)","Total","Total","Number","82,536,680",""
"2003","Estonia","Total","Total","Number","1,375,190",""
"2003","Ireland","Total","Total","Number","3,964,191",""
"2003","Greece","Total","Total","Number","10,915,770",""
"2003","Spain","Total","Total","Number","41,827,838",""
"2003","France","Total","Total","Number","61,864,088",""
"2003","Croatia","Total","Total","Number","4,305,384",""
"2003","Italy","Total","Total","Number","57,130,506",""
"2003","Cyprus","Total","Total","Number","713,720",""
"2003","Latvia","Total","Total","Number","2,299,390",""
"2003","Lithuania","Total","Total","Number","3,431,497",""
"2003","Luxembourg","Total","Total","Number","448,300",""
"2003","Hungary","Total","Total","Number","10,142,362",""
"2003","Malta","Total","Total","Number","397,296",""
"2003","Netherlands","Total","Total","Number","16,192,572",""
"2003","Austria","Total","Total","Number","8,100,273",""
"2003","Poland","Total","Total","Number","38,218,531",""
"2003","Portugal","Total","Total","Number","10,444,592",""
"2003","Romania","Total","Total","Number","21,627,509",""
"2003","Slovenia","Total","Total","Number","1,995,033",""
"2003","Slovakia","Total","Total","Number","5,374,873",""
"2003","Finland","Total","Total","Number","5,206,295",""
"2003","Sweden","Total","Total","Number","8,940,788",""
"2003","United Kingdom","Total","Total","Number","59,501,394",""
"2003","Iceland","Total","Total","Number","288,471",""
"2003","Liechtenstein","Total","Total","Number","33,863",""
"2003","Norway","Total","Total","Number","4,552,252",""
"2003","Switzerland","Total","Total","Number","7,313,853",""
"2004","Belgium","Total","Total","Number","10,396,421",""
"2004","Bulgaria","Total","Total","Number","7,745,147",""
"2004","Czechia","Total","Total","Number","10,195,347",""
"2004","Denmark","Total","Total","Number","5,397,640",""
"2004","Germany (until 1990 former territory of the FRG)","Total","Total","Number","82,531,671",""
"2004","Estonia","Total","Total","Number","1,366,250",""
"2004","Ireland","Total","Total","Number","4,028,851",""
"2004","Greece","Total","Total","Number","10,940,369",""
"2004","Spain","Total","Total","Number","42,547,451",""
"2004","France","Total","Total","Number","62,292,241",""
"2004","Croatia","Total","Total","Number","4,305,725",""
"2004","Italy","Total","Total","Number","57,495,900",""
"2004","Cyprus","Total","Total","Number","722,893",""
"2004","Latvia","Total","Total","Number","2,276,520",""
"2004","Lithuania","Total","Total","Number","3,398,929",""
"2004","Luxembourg","Total","Total","Number","454,960",""
"2004","Hungary","Total","Total","Number","10,116,742",""
"2004","Malta","Total","Total","Number","399,867",""
"2004","Netherlands","Total","Total","Number","16,258,032",""
"2004","Austria","Total","Total","Number","8,142,573",""
"2004","Poland","Total","Total","Number","38,190,608",""
"2004","Portugal","Total","Total","Number","10,473,050",""
"2004","Romania","Total","Total","Number","21,521,142",""
"2004","Slovenia","Total","Total","Number","1,996,433",""
"2004","Slovakia","Total","Total","Number","5,371,875",""
"2004","Finland","Total","Total","Number","5,219,732",""
"2004","Sweden","Total","Total","Number","8,975,670",""
"2004","United Kingdom","Total","Total","Number","59,793,759",""
"2004","Iceland","Total","Total","Number","290,570",""
"2004","Liechtenstein","Total","Total","Number","34,294",""
"2004","Norway","Total","Total","Number","4,577,457",""
"2004","Switzerland","Total","Total","Number","7,364,148",""
"2005","Belgium","Total","Total","Number","10,445,852",""
"2005","Bulgaria","Total","Total","Number","7,688,573",""
"2005","Czechia","Total","Total","Number","10,198,855",""
"2005","Denmark","Total","Total","Number","5,411,405",""
"2005","Germany (until 1990 former territory of the FRG)","Total","Total","Number","82,500,849",""
"2005","Estonia","Total","Total","Number","1,358,850",""
"2005","Ireland","Total","Total","Number","4,111,672",""
"2005","Greece","Total","Total","Number","10,969,912",""
"2005","Spain","Total","Total","Number","43,296,338",""
"2005","France","Total","Total","Number","62,772,870",""
"2005","Croatia","Total","Total","Number","4,310,861",""
"2005","Italy","Total","Total","Number","57,874,753",""
"2005","Cyprus","Total","Total","Number","733,067",""
"2005","Latvia","Total","Total","Number","2,249,724",""
"2005","Lithuania","Total","Total","Number","3,355,220",""
"2005","Luxembourg","Total","Total","Number","461,230",""
"2005","Hungary","Total","Total","Number","10,097,549",""
"2005","Malta","Total","Total","Number","402,668",""
"2005","Netherlands","Total","Total","Number","16,305,526",""
"2005","Austria","Total","Total","Number","8,201,359",""
"2005","Poland","Total","Total","Number","38,173,835",""
"2005","Portugal","Total","Total","Number","10,494,672",""
"2005","Romania","Total","Total","Number","21,382,354",""
"2005","Slovenia","Total","Total","Number","1,997,590",""
"2005","Slovakia","Total","Total","Number","5,372,685",""
"2005","Finland","Total","Total","Number","5,236,611",""
"2005","Sweden","Total","Total","Number","9,011,392",""
"2005","United Kingdom","Total","Total","Number","60,182,050",""
"2005","Iceland","Total","Total","Number","293,577",""
"2005","Liechtenstein","Total","Total","Number","34,600",""
"2005","Norway","Total","Total","Number","4,606,363",""
"2005","Switzerland","Total","Total","Number","7,415,102",""
"2006","Belgium","Total","Total","Number","10,511,382",""
"2006","Bulgaria","Total","Total","Number","7,629,371",""
"2006","Czechia","Total","Total","Number","10,223,577",""
"2006","Denmark","Total","Total","Number","5,427,459",""
"2006","Germany (until 1990 former territory of the FRG)","Total","Total","Number","82,437,995",""
"2006","Estonia","Total","Total","Number","1,350,700",""
"2006","Ireland","Total","Total","Number","4,208,156",""
"2006","Greece","Total","Total","Number","11,004,716",""
"2006","Spain","Total","Total","Number","44,009,971",""
"2006","France","Total","Total","Number","63,229,635",""
"2006","Croatia","Total","Total","Number","4,312,487",""
"2006","Italy","Total","Total","Number","58,064,214",""
"2006","Cyprus","Total","Total","Number","744,013",""
"2006","Latvia","Total","Total","Number","2,227,874",""
"2006","Lithuania","Total","Total","Number","3,289,835",""
"2006","Luxembourg","Total","Total","Number","469,086",""
"2006","Hungary","Total","Total","Number","10,076,581",""
"2006","Malta","Total","Total","Number","404,999",""
"2006","Netherlands","Total","Total","Number","16,334,210",""
"2006","Austria","Total","Total","Number","8,254,298",""
"2006","Poland","Total","Total","Number","38,157,055",""
"2006","Portugal","Total","Total","Number","10,511,988",""
"2006","Romania","Total","Total","Number","21,257,016",""
"2006","Slovenia","Total","Total","Number","2,003,358",""
"2006","Slovakia","Total","Total","Number","5,372,928",""
"2006","Finland","Total","Total","Number","5,255,580",""
"2006","Sweden","Total","Total","Number","9,047,752",""
"2006","United Kingdom","Total","Total","Number","60,620,361",""
"2006","Iceland","Total","Total","Number","299,891",""
"2006","Liechtenstein","Total","Total","Number","34,905",""
"2006","Norway","Total","Total","Number","4,640,219",""
"2006","Switzerland","Total","Total","Number","7,459,128",""
"2007","Belgium","Total","Total","Number","10,584,534",""
"2007","Bulgaria","Total","Total","Number","7,572,673",""
"2007","Czechia","Total","Total","Number","10,254,233",""
"2007","Denmark","Total","Total","Number","5,447,084",""
"2007","Germany (until 1990 former territory of the FRG)","Total","Total","Number","82,314,906",""
"2007","Estonia","Total","Total","Number","1,342,920",""
"2007","Ireland","Total","Total","Number","4,340,118",""
"2007","Greece","Total","Total","Number","11,036,008",""
"2007","Spain","Total","Total","Number","44,784,666",""
"2007","France","Total","Total","Number","63,645,065",""
"2007","Croatia","Total","Total","Number","4,313,530",""
"2007","Italy","Total","Total","Number","58,223,744",""
"2007","Cyprus","Total","Total","Number","757,916",""
"2007","Latvia","Total","Total","Number","2,208,840",""
"2007","Lithuania","Total","Total","Number","3,249,983",""
"2007","Luxembourg","Total","Total","Number","476,187",""
"2007","Hungary","Total","Total","Number","10,066,158",""
"2007","Malta","Total","Total","Number","405,616",""
"2007","Netherlands","Total","Total","Number","16,357,992",""
"2007","Austria","Total","Total","Number","8,282,984",""
"2007","Poland","Total","Total","Number","38,125,479",""
"2007","Portugal","Total","Total","Number","10,532,588",""
"2007","Romania","Total","Total","Number","21,130,503",""
"2007","Slovenia","Total","Total","Number","2,010,377",""
"2007","Slovakia","Total","Total","Number","5,373,180",""
"2007","Finland","Total","Total","Number","5,276,955",""
"2007","Sweden","Total","Total","Number","9,113,257",""
"2007","United Kingdom","Total","Total","Number","61,073,279",""
"2007","Iceland","Total","Total","Number","307,672",""
"2007","Liechtenstein","Total","Total","Number","35,168",""
"2007","Norway","Total","Total","Number","4,681,134",""
"2007","Switzerland","Total","Total","Number","7,508,739",""
"2008","Belgium","Total","Total","Number","10,666,866",""
"2008","Bulgaria","Total","Total","Number","7,518,002",""
"2008","Czechia","Total","Total","Number","10,343,422",""
"2008","Denmark","Total","Total","Number","5,475,791",""
"2008","Germany (until 1990 former territory of the FRG)","Total","Total","Number","82,217,837",""
"2008","Estonia","Total","Total","Number","1,338,440",""
"2008","Ireland","Total","Total","Number","4,457,765",""
"2008","Greece","Total","Total","Number","11,060,937",""
"2008","Spain","Total","Total","Number","45,668,939",""
"2008","France","Total","Total","Number","64,007,193",""
"2008","Croatia","Total","Total","Number","4,311,967",""
"2008","Italy","Total","Total","Number","58,652,875",""
"2008","Cyprus","Total","Total","Number","776,333",""
"2008","Latvia","Total","Total","Number","2,191,810",""
"2008","Lithuania","Total","Total","Number","3,212,605",""
"2008","Luxembourg","Total","Total","Number","483,799",""
"2008","Hungary","Total","Total","Number","10,045,401",""
"2008","Malta","Total","Total","Number","407,832",""
"2008","Netherlands","Total","Total","Number","16,405,399",""
"2008","Austria","Total","Total","Number","8,307,989",""
"2008","Poland","Total","Total","Number","38,115,641",""
"2008","Portugal","Total","Total","Number","10,553,339",""
"2008","Romania","Total","Total","Number","20,635,460",""
"2008","Slovenia","Total","Total","Number","2,010,269","b"
"2008","Slovakia","Total","Total","Number","5,376,064",""
"2008","Finland","Total","Total","Number","5,300,484",""
"2008","Sweden","Total","Total","Number","9,182,927",""
"2008","United Kingdom","Total","Total","Number","61,571,647",""
"2008","Iceland","Total","Total","Number","315,459",""
"2008","Liechtenstein","Total","Total","Number","35,356",""
"2008","Norway","Total","Total","Number","4,737,171",""
"2008","Switzerland","Total","Total","Number","7,593,494",""
"2009","Belgium","Total","Total","Number","10,753,080",""
"2009","Bulgaria","Total","Total","Number","7,467,119",""
"2009","Czechia","Total","Total","Number","10,425,783",""
"2009","Denmark","Total","Total","Number","5,511,451",""
"2009","Germany (until 1990 former territory of the FRG)","Total","Total","Number","82,002,356",""
"2009","Estonia","Total","Total","Number","1,335,740",""
"2009","Ireland","Total","Total","Number","4,521,322",""
"2009","Greece","Total","Total","Number","11,094,745",""
"2009","Spain","Total","Total","Number","46,239,273",""
"2009","France","Total","Total","Number","64,350,226",""
"2009","Croatia","Total","Total","Number","4,309,796",""
"2009","Italy","Total","Total","Number","59,000,586",""
"2009","Cyprus","Total","Total","Number","796,930",""
"2009","Latvia","Total","Total","Number","2,162,834",""
"2009","Lithuania","Total","Total","Number","3,183,856",""
"2009","Luxembourg","Total","Total","Number","493,500",""
"2009","Hungary","Total","Total","Number","10,030,975",""
"2009","Malta","Total","Total","Number","410,926",""
"2009","Netherlands","Total","Total","Number","16,485,787",""
"2009","Austria","Total","Total","Number","8,335,003",""
"2009","Poland","Total","Total","Number","38,135,876",""
"2009","Portugal","Total","Total","Number","10,563,014",""
"2009","Romania","Total","Total","Number","20,440,290",""
"2009","Slovenia","Total","Total","Number","2,032,362",""
"2009","Slovakia","Total","Total","Number","5,382,401",""
"2009","Finland","Total","Total","Number","5,326,314",""
"2009","Sweden","Total","Total","Number","9,256,347",""
"2009","United Kingdom","Total","Total","Number","62,042,343",""
"2009","Iceland","Total","Total","Number","319,368",""
"2009","Liechtenstein","Total","Total","Number","35,589",""
"2009","Norway","Total","Total","Number","4,799,252",""
"2009","Switzerland","Total","Total","Number","7,701,856",""
"2010","Belgium","Total","Total","Number","10,839,905",""
"2010","Bulgaria","Total","Total","Number","7,421,766",""
"2010","Czechia","Total","Total","Number","10,462,088",""
"2010","Denmark","Total","Total","Number","5,534,738",""
"2010","Germany (until 1990 former territory of the FRG)","Total","Total","Number","81,802,257",""
"2010","Estonia","Total","Total","Number","1,333,290",""
"2010","Ireland","Total","Total","Number","4,549,428",""
"2010","Greece","Total","Total","Number","11,119,289",""
"2010","Spain","Total","Total","Number","46,486,619",""
"2010","France","Total","Total","Number","64,658,856",""
"2010","Croatia","Total","Total","Number","4,302,847",""
"2010","Italy","Total","Total","Number","59,190,143",""
"2010","Cyprus","Total","Total","Number","819,140",""
"2010","Latvia","Total","Total","Number","2,120,504",""
"2010","Lithuania","Total","Total","Number","3,141,976",""
"2010","Luxembourg","Total","Total","Number","502,066",""
"2010","Hungary","Total","Total","Number","10,014,324",""
"2010","Malta","Total","Total","Number","414,027",""
"2010","Netherlands","Total","Total","Number","16,574,989",""
"2010","Austria","Total","Total","Number","8,351,643",""
"2010","Poland","Total","Total","Number","38,022,869","b"
"2010","Portugal","Total","Total","Number","10,573,479",""
"2010","Romania","Total","Total","Number","20,294,683",""
"2010","Slovenia","Total","Total","Number","2,046,976",""
"2010","Slovakia","Total","Total","Number","5,390,410",""
"2010","Finland","Total","Total","Number","5,351,427",""
"2010","Sweden","Total","Total","Number","9,340,682",""
"2010","United Kingdom","Total","Total","Number","62,510,197",""
"2010","Iceland","Total","Total","Number","317,630",""
"2010","Liechtenstein","Total","Total","Number","35,894",""
"2010","Norway","Total","Total","Number","4,858,199",""
"2010","Switzerland","Total","Total","Number","7,785,806",""
"2011","Belgium","Total","Total","Number","11,000,638","b"
"2011","Bulgaria","Total","Total","Number","7,369,431",""
"2011","Czechia","Total","Total","Number","10,486,731",""
"2011","Denmark","Total","Total","Number","5,560,628",""
"2011","Germany (until 1990 former territory of the FRG)","Total","Total","Number","80,222,065","b"
"2011","Estonia","Total","Total","Number","1,329,660",""
"2011","Ireland","Total","Total","Number","4,570,881",""
"2011","Greece","Total","Total","Number","11,123,392",""
"2011","Spain","Total","Total","Number","46,667,174",""
"2011","France","Total","Total","Number","64,978,721",""
"2011","Croatia","Total","Total","Number","4,289,857",""
"2011","Italy","Total","Total","Number","59,364,690",""
"2011","Cyprus","Total","Total","Number","839,751",""
"2011","Latvia","Total","Total","Number","2,074,605",""
"2011","Lithuania","Total","Total","Number","3,052,588",""
"2011","Luxembourg","Total","Total","Number","511,840",""
"2011","Hungary","Total","Total","Number","9,985,722",""
"2011","Malta","Total","Total","Number","414,989",""
"2011","Netherlands","Total","Total","Number","16,655,799",""
"2011","Austria","Total","Total","Number","8,375,164",""
"2011","Poland","Total","Total","Number","38,062,718",""
"2011","Portugal","Total","Total","Number","10,572,721",""
"2011","Romania","Total","Total","Number","20,199,059",""
"2011","Slovenia","Total","Total","Number","2,050,189",""
"2011","Slovakia","Total","Total","Number","5,392,446",""
"2011","Finland","Total","Total","Number","5,375,276",""
"2011","Sweden","Total","Total","Number","9,415,570",""
"2011","United Kingdom","Total","Total","Number","63,022,532",""
"2011","Iceland","Total","Total","Number","318,452",""
"2011","Liechtenstein","Total","Total","Number","36,149",""
"2011","Norway","Total","Total","Number","4,920,305",""
"2011","Switzerland","Total","Total","Number","7,870,134","b"
"2012","Belgium","Total","Total","Number","11,075,889","b"
"2012","Bulgaria","Total","Total","Number","7,327,224",""
"2012","Czechia","Total","Total","Number","10,505,445",""
"2012","Denmark","Total","Total","Number","5,580,516",""
"2012","Germany (until 1990 former territory of the FRG)","Total","Total","Number","80,327,900",""
"2012","Estonia","Total","Total","Number","1,325,217",""
"2012","Ireland","Total","Total","Number","4,589,287",""
"2012","Greece","Total","Total","Number","11,086,406",""
"2012","Spain","Total","Total","Number","46,818,219",""
"2012","France","Total","Total","Number","65,276,983","b"
"2012","Croatia","Total","Total","Number","4,275,984",""
"2012","Italy","Total","Total","Number","59,394,207",""
"2012","Cyprus","Total","Total","Number","862,011",""
"2012","Latvia","Total","Total","Number","2,044,813",""
"2012","Lithuania","Total","Total","Number","3,003,641",""
"2012","Luxembourg","Total","Total","Number","524,853","b"
"2012","Hungary","Total","Total","Number","9,931,925","b"
"2012","Malta","Total","Total","Number","417,546",""
"2012","Netherlands","Total","Total","Number","16,730,348",""
"2012","Austria","Total","Total","Number","8,408,121",""
"2012","Poland","Total","Total","Number","38,063,792",""
"2012","Portugal","Total","Total","Number","10,542,398",""
"2012","Romania","Total","Total","Number","20,095,996",""
"2012","Slovenia","Total","Total","Number","2,055,496",""
"2012","Slovakia","Total","Total","Number","5,404,322",""
"2012","Finland","Total","Total","Number","5,401,267",""
"2012","Sweden","Total","Total","Number","9,482,855",""
"2012","United Kingdom","Total","Total","Number","63,495,088",""
"2012","Iceland","Total","Total","Number","319,575",""
"2012","Liechtenstein","Total","Total","Number","36,475",""
"2012","Norway","Total","Total","Number","4,985,870",""
"2012","Switzerland","Total","Total","Number","7,954,662",""
"2013","Belgium","Total","Total","Number","11,137,974",""
"2013","Bulgaria","Total","Total","Number","7,284,552",""
"2013","Czechia","Total","Total","Number","10,516,125",""
"2013","Denmark","Total","Total","Number","5,602,628",""
"2013","Germany (until 1990 former territory of the FRG)","Total","Total","Number","80,523,746",""
"2013","Estonia","Total","Total","Number","1,320,174",""
"2013","Ireland","Total","Total","Number","4,609,779",""
"2013","Greece","Total","Total","Number","11,003,615",""
"2013","Spain","Total","Total","Number","46,727,890",""
"2013","France","Total","Total","Number","65,600,350",""
"2013","Croatia","Total","Total","Number","4,262,140",""
"2013","Italy","Total","Total","Number","59,685,227",""
"2013","Cyprus","Total","Total","Number","865,878",""
"2013","Latvia","Total","Total","Number","2,023,825",""
"2013","Lithuania","Total","Total","Number","2,971,905",""
"2013","Luxembourg","Total","Total","Number","537,039",""
"2013","Hungary","Total","Total","Number","9,908,798",""
"2013","Malta","Total","Total","Number","422,509",""
"2013","Netherlands","Total","Total","Number","16,779,575",""
"2013","Austria","Total","Total","Number","8,451,860",""
"2013","Poland","Total","Total","Number","38,062,535",""
"2013","Portugal","Total","Total","Number","10,487,289",""
"2013","Romania","Total","Total","Number","20,020,074",""
"2013","Slovenia","Total","Total","Number","2,058,821",""
"2013","Slovakia","Total","Total","Number","5,410,836",""
"2013","Finland","Total","Total","Number","5,426,674",""
"2013","Sweden","Total","Total","Number","9,555,893",""
"2013","United Kingdom","Total","Total","Number","63,905,342",""
"2013","Iceland","Total","Total","Number","321,857",""
"2013","Liechtenstein","Total","Total","Number","36,838",""
"2013","Norway","Total","Total","Number","5,051,275",""
"2013","Switzerland","Total","Total","Number","8,039,060",""
"2014","Belgium","Total","Total","Number","11,180,840",""
"2014","Bulgaria","Total","Total","Number","7,245,677",""
"2014","Czechia","Total","Total","Number","10,512,419",""
"2014","Denmark","Total","Total","Number","5,627,235",""
"2014","Germany (until 1990 former territory of the FRG)","Total","Total","Number","80,767,463",""
"2014","Estonia","Total","Total","Number","1,315,819",""
"2014","Ireland","Total","Total","Number","4,637,852",""
"2014","Greece","Total","Total","Number","10,926,807",""
"2014","Spain","Total","Total","Number","46,512,199",""
"2014","France","Total","Total","Number","66,165,980","b"
"2014","Croatia","Total","Total","Number","4,246,809",""
"2014","Italy","Total","Total","Number","60,782,668",""
"2014","Cyprus","Total","Total","Number","858,000",""
"2014","Latvia","Total","Total","Number","2,001,468",""
"2014","Lithuania","Total","Total","Number","2,943,472",""
"2014","Luxembourg","Total","Total","Number","549,680",""
"2014","Hungary","Total","Total","Number","9,877,365",""
"2014","Malta","Total","Total","Number","429,424",""
"2014","Netherlands","Total","Total","Number","16,829,289",""
"2014","Austria","Total","Total","Number","8,507,786",""
"2014","Poland","Total","Total","Number","38,017,856",""
"2014","Portugal","Total","Total","Number","10,427,301",""
"2014","Romania","Total","Total","Number","19,947,311",""
"2014","Slovenia","Total","Total","Number","2,061,085",""
"2014","Slovakia","Total","Total","Number","5,415,949",""
"2014","Finland","Total","Total","Number","5,451,270",""
"2014","Sweden","Total","Total","Number","9,644,864",""
"2014","United Kingdom","Total","Total","Number","64,351,203",""
"2014","Iceland","Total","Total","Number","325,671",""
"2014","Liechtenstein","Total","Total","Number","37,129",""
"2014","Norway","Total","Total","Number","5,107,970",""
"2014","Switzerland","Total","Total","Number","8,139,631",""
"2015","Belgium","Total","Total","Number","11,237,274",""
"2015","Bulgaria","Total","Total","Number","7,202,198",""
"2015","Czechia","Total","Total","Number","10,538,275",""
"2015","Denmark","Total","Total","Number","5,659,715",""
"2015","Germany (until 1990 former territory of the FRG)","Total","Total","Number","81,197,537",""
"2015","Estonia","Total","Total","Number","1,314,870","b"
"2015","Ireland","Total","Total","Number","4,677,627",""
"2015","Greece","Total","Total","Number","10,858,018",""
"2015","Spain","Total","Total","Number","46,449,565",""
"2015","France","Total","Total","Number","66,458,153",""
"2015","Croatia","Total","Total","Number","4,225,316",""
"2015","Italy","Total","Total","Number","60,795,612",""
"2015","Cyprus","Total","Total","Number","847,008",""
"2015","Latvia","Total","Total","Number","1,986,096",""
"2015","Lithuania","Total","Total","Number","2,921,262",""
"2015","Luxembourg","Total","Total","Number","562,958",""
"2015","Hungary","Total","Total","Number","9,855,571",""
"2015","Malta","Total","Total","Number","439,691",""
"2015","Netherlands","Total","Total","Number","16,900,726",""
"2015","Austria","Total","Total","Number","8,584,926",""
"2015","Poland","Total","Total","Number","38,005,614",""
"2015","Portugal","Total","Total","Number","10,374,822",""
"2015","Romania","Total","Total","Number","19,870,647",""
"2015","Slovenia","Total","Total","Number","2,062,874",""
"2015","Slovakia","Total","Total","Number","5,421,349",""
"2015","Finland","Total","Total","Number","5,471,753",""
"2015","Sweden","Total","Total","Number","9,747,355",""
"2015","United Kingdom","Total","Total","Number","64,853,393",""
"2015","Iceland","Total","Total","Number","329,100",""
"2015","Liechtenstein","Total","Total","Number","37,366",""
"2015","Norway","Total","Total","Number","5,166,493",""
"2015","Switzerland","Total","Total","Number","8,237,666",""
"2016","Belgium","Total","Total","Number","11,311,117",""
"2016","Bulgaria","Total","Total","Number","7,153,784",""
"2016","Czechia","Total","Total","Number","10,553,843",""
"2016","Denmark","Total","Total","Number","5,707,251",""
"2016","Germany (until 1990 former territory of the FRG)","Total","Total","Number","82,175,684",""
"2016","Estonia","Total","Total","Number","1,315,944",""
"2016","Ireland","Total","Total","Number","4,726,286",""
"2016","Greece","Total","Total","Number","10,783,748",""
"2016","Spain","Total","Total","Number","46,440,099",""
"2016","France","Total","Total","Number","66,638,391",""
"2016","Croatia","Total","Total","Number","4,190,669",""
"2016","Italy","Total","Total","Number","60,665,551",""
"2016","Cyprus","Total","Total","Number","848,319",""
"2016","Latvia","Total","Total","Number","1,968,957",""
"2016","Lithuania","Total","Total","Number","2,888,558",""
"2016","Luxembourg","Total","Total","Number","576,249",""
"2016","Hungary","Total","Total","Number","9,830,485",""
"2016","Malta","Total","Total","Number","450,415",""
"2016","Netherlands","Total","Total","Number","16,979,120",""
"2016","Austria","Total","Total","Number","8,700,471",""
"2016","Poland","Total","Total","Number","37,967,209",""
"2016","Portugal","Total","Total","Number","10,341,330",""
"2016","Romania","Total","Total","Number","19,760,585",""
"2016","Slovenia","Total","Total","Number","2,064,188",""
"2016","Slovakia","Total","Total","Number","5,426,252",""
"2016","Finland","Total","Total","Number","5,487,308",""
"2016","Sweden","Total","Total","Number","9,851,017",""
"2016","United Kingdom","Total","Total","Number","65,379,044",""
"2016","Iceland","Total","Total","Number","332,529",""
"2016","Liechtenstein","Total","Total","Number","37,622",""
"2016","Norway","Total","Total","Number","5,210,721",""
"2016","Switzerland","Total","Total","Number","8,327,126",""
"2017","Belgium","Total","Total","Number","11,351,727",""
"2017","Bulgaria","Total","Total","Number","7,101,859",""
"2017","Czechia","Total","Total","Number","10,578,820",""
"2017","Denmark","Total","Total","Number","5,748,769",""
"2017","Germany (until 1990 former territory of the FRG)","Total","Total","Number","82,521,653",""
"2017","Estonia","Total","Total","Number","1,315,635",""
"2017","Ireland","Total","Total","Number","4,784,383",""
"2017","Greece","Total","Total","Number","10,768,193",""
"2017","Spain","Total","Total","Number","46,528,024",""
"2017","France","Total","Total","Number","66,804,121",""
"2017","Croatia","Total","Total","Number","4,154,213",""
"2017","Italy","Total","Total","Number","60,589,445",""
"2017","Cyprus","Total","Total","Number","854,802",""
"2017","Latvia","Total","Total","Number","1,950,116",""
"2017","Lithuania","Total","Total","Number","2,847,904",""
"2017","Luxembourg","Total","Total","Number","590,667","b"
"2017","Hungary","Total","Total","Number","9,797,561",""
"2017","Malta","Total","Total","Number","460,297",""
"2017","Netherlands","Total","Total","Number","17,081,507",""
"2017","Austria","Total","Total","Number","8,772,865",""
"2017","Poland","Total","Total","Number","37,972,964",""
"2017","Portugal","Total","Total","Number","10,309,573",""
"2017","Romania","Total","Total","Number","19,644,350",""
"2017","Slovenia","Total","Total","Number","2,065,895",""
"2017","Slovakia","Total","Total","Number","5,435,343",""
"2017","Finland","Total","Total","Number","5,503,297",""
"2017","Sweden","Total","Total","Number","9,995,153",""
"2017","United Kingdom","Total","Total","Number","65,844,142",""
"2017","Iceland","Total","Total","Number","338,349",""
"2017","Liechtenstein","Total","Total","Number","37,810",""
"2017","Norway","Total","Total","Number","5,258,317",""
"2017","Switzerland","Total","Total","Number","8,419,550",""
